{
  "aggregation": "average_over_same_rig_results",
  "metric_counts": {
    "mAP": 14
  },
  "metrics": {
    "mAP": 0.14891811187541013,
    "raw": {
      "object/adult_ap_dist_0.5": 0.00014285714285714287,
      "object/adult_ap_dist_1.0": 0.031892857142857146,
      "object/adult_ap_dist_2.0": 0.1542714285714286,
      "object/adult_ap_dist_4.0": 0.2629357142857143,
      "object/adult_orient_err": 1.4478071428571428,
      "object/adult_scale_err": 0.03376428571428571,
      "object/adult_trans_err": 0.9814928571428572,
      "object/bicycle_ap_dist_0.5": 0.022978571428571428,
      "object/bicycle_ap_dist_1.0": 0.17663571428571428,
      "object/bicycle_ap_dist_2.0": 0.39389285714285716,
      "object/bicycle_ap_dist_4.0": 0.4685357142857143,
      "object/bicycle_orient_err": 1.60965,
      "object/bicycle_scale_err": 0.7348214285714285,
      "object/bicycle_trans_err": 0.7909571428571428,
      "object/bus_ap_dist_0.5": 7.1428571428571436e-06,
      "object/bus_ap_dist_1.0": 0.02170714285714286,
      "object/bus_ap_dist_2.0": 0.12037142857142857,
      "object/bus_ap_dist_4.0": 0.30792142857142857,
      "object/bus_orient_err": 1.5789857142857142,
      "object/bus_scale_err": 0.7718928571428572,
      "object/bus_trans_err": 1.006392857142857,
      "object/car_ap_dist_0.5": 0.021757142857142857,
      "object/car_ap_dist_1.0": 0.16061428571428574,
      "object/car_ap_dist_2.0": 0.3929,
      "object/car_ap_dist_4.0": 0.5927785714285714,
      "object/car_orient_err": 1.6495,
      "object/car_scale_err": 0.7334285714285714,
      "object/car_trans_err": 0.8164142857142858,
      "object/child_ap_dist_0.5": 0.0,
      "object/child_ap_dist_1.0": 0.0008785714285714285,
      "object/child_ap_dist_2.0": 0.0099,
      "object/child_ap_dist_4.0": 0.028607142857142855,
      "object/child_orient_err": 1.409492857142857,
      "object/child_scale_err": 0.4987142857142857,
      "object/child_trans_err": 1.0585,
      "object/mAOE": 1.5396142857142858,
      "object/mASE": 0.6682499999999999,
      "object/mATE": 0.9648428571428571,
      "object/map": 0.14891811187541013,
      "object/motorcycle_ap_dist_0.5": 0.02844285714285714,
      "object/motorcycle_ap_dist_1.0": 0.13259285714285715,
      "object/motorcycle_ap_dist_2.0": 0.3260142857142857,
      "object/motorcycle_ap_dist_4.0": 0.4795,
      "object/motorcycle_orient_err": 1.7505214285714286,
      "object/motorcycle_scale_err": 0.7624214285714286,
      "object/motorcycle_trans_err": 0.8176642857142857,
      "object/traffic_light_ap_dist_0.5": 0.0,
      "object/traffic_light_ap_dist_1.0": 0.0,
      "object/traffic_light_ap_dist_2.0": 0.0,
      "object/traffic_light_ap_dist_4.0": 0.0,
      "object/traffic_light_orient_err": 1.2402,
      "object/traffic_light_scale_err": 0.8507642857142858,
      "object/traffic_light_trans_err": 1.154542857142857,
      "object/traffic_sign_ap_dist_0.5": 0.0,
      "object/traffic_sign_ap_dist_1.0": 0.0,
      "object/traffic_sign_ap_dist_2.0": 0.00029285714285714283,
      "object/traffic_sign_ap_dist_4.0": 0.010621428571428572,
      "object/traffic_sign_orient_err": 1.5493214285714285,
      "object/traffic_sign_scale_err": 0.8651214285714286,
      "object/traffic_sign_trans_err": 1.2279785714285716,
      "object/truck_ap_dist_0.5": 0.017364285714285714,
      "object/truck_ap_dist_1.0": 0.1518,
      "object/truck_ap_dist_2.0": 0.4203428571428572,
      "object/truck_ap_dist_4.0": 0.62535,
      "object/truck_orient_err": 1.6210357142857144,
      "object/truck_scale_err": 0.7633714285714286,
      "object/truck_trans_err": 0.8296
    },
    "summary": {}
  },
  "model": "PETR",
  "num_results": 14,
  "num_source_results": 196,
  "std": {
    "mAP": 0.0487735336474992,
    "raw": {
      "object/adult_ap_dist_0.5": 0.0003955799748262246,
      "object/adult_ap_dist_1.0": 0.02884106218799627,
      "object/adult_ap_dist_2.0": 0.09313212639595946,
      "object/adult_ap_dist_4.0": 0.11635594333531292,
      "object/adult_orient_err": 0.06295345611928414,
      "object/adult_scale_err": 0.008944582128336095,
      "object/adult_trans_err": 0.10089444952550632,
      "object/bicycle_ap_dist_0.5": 0.023832336744962185,
      "object/bicycle_ap_dist_1.0": 0.10387457382782414,
      "object/bicycle_ap_dist_2.0": 0.1475229289311989,
      "object/bicycle_ap_dist_4.0": 0.1480838671270328,
      "object/bicycle_orient_err": 0.04548272283981113,
      "object/bicycle_scale_err": 0.006700307521235198,
      "object/bicycle_trans_err": 0.11164438539939565,
      "object/bus_ap_dist_0.5": 2.672612419124244e-05,
      "object/bus_ap_dist_1.0": 0.0321884944634597,
      "object/bus_ap_dist_2.0": 0.0930827045702363,
      "object/bus_ap_dist_4.0": 0.11605534607095165,
      "object/bus_orient_err": 0.05532060204832382,
      "object/bus_scale_err": 0.005383945405728794,
      "object/bus_trans_err": 0.0827350029569451,
      "object/car_ap_dist_0.5": 0.021036368298943408,
      "object/car_ap_dist_1.0": 0.0769694430591463,
      "object/car_ap_dist_2.0": 0.11120645388022848,
      "object/car_ap_dist_4.0": 0.10224439934686985,
      "object/car_orient_err": 0.025650131203743,
      "object/car_scale_err": 0.0034942653176154516,
      "object/car_trans_err": 0.09370530612299602,
      "object/child_ap_dist_0.5": 0.0,
      "object/child_ap_dist_1.0": 0.0027868312778904594,
      "object/child_ap_dist_2.0": 0.019624239328717156,
      "object/child_ap_dist_4.0": 0.04191402306711119,
      "object/child_orient_err": 0.24100069729961593,
      "object/child_scale_err": 0.27510009606894514,
      "object/child_trans_err": 0.07912627687631774,
      "object/mAOE": 0.06631190700763333,
      "object/mASE": 0.03890696496871638,
      "object/mATE": 0.08586404920020335,
      "object/map": 0.0487735336474992,
      "object/motorcycle_ap_dist_0.5": 0.036354678342169905,
      "object/motorcycle_ap_dist_1.0": 0.09812813024334532,
      "object/motorcycle_ap_dist_2.0": 0.14118380740200864,
      "object/motorcycle_ap_dist_4.0": 0.1764827601081324,
      "object/motorcycle_orient_err": 0.1648275984105884,
      "object/motorcycle_scale_err": 0.007350057935033673,
      "object/motorcycle_trans_err": 0.15266313144730362,
      "object/traffic_light_ap_dist_0.5": 0.0,
      "object/traffic_light_ap_dist_1.0": 0.0,
      "object/traffic_light_ap_dist_2.0": 0.0,
      "object/traffic_light_ap_dist_4.0": 0.0,
      "object/traffic_light_orient_err": 0.639078770876185,
      "object/traffic_light_scale_err": 0.3109602388808498,
      "object/traffic_light_trans_err": 0.3120160565747211,
      "object/traffic_sign_ap_dist_0.5": 0.0,
      "object/traffic_sign_ap_dist_1.0": 0.0,
      "object/traffic_sign_ap_dist_2.0": 0.0007849196781192972,
      "object/traffic_sign_ap_dist_4.0": 0.012916785654656954,
      "object/traffic_sign_orient_err": 0.05826030682761937,
      "object/traffic_sign_scale_err": 0.00355228606164205,
      "object/traffic_sign_trans_err": 0.10037490629229408,
      "object/truck_ap_dist_0.5": 0.016585007462388206,
      "object/truck_ap_dist_1.0": 0.06006940857170017,
      "object/truck_ap_dist_2.0": 0.08996656399664621,
      "object/truck_ap_dist_4.0": 0.09790697115119025,
      "object/truck_orient_err": 0.031329160835894064,
      "object/truck_scale_err": 0.004659387310568847,
      "object/truck_trans_err": 0.07043895338409106
    },
    "summary": {}
  }
}
