{
  "aggregation": "average_over_same_rig_results",
  "metric_counts": {
    "NDS": 14,
    "mAP": 14
  },
  "metrics": {
    "NDS": 0.09332857142857143,
    "mAP": 0.09485,
    "raw": {
      "pts_bbox_NuScenes/NDS": 0.09333356639781712,
      "pts_bbox_NuScenes/adult_AP_dist_0.5": 0.013892857142857143,
      "pts_bbox_NuScenes/adult_AP_dist_1.0": 0.04239285714285714,
      "pts_bbox_NuScenes/adult_AP_dist_2.0": 0.06981428571428572,
      "pts_bbox_NuScenes/adult_AP_dist_4.0": 0.09160714285714286,
      "pts_bbox_NuScenes/adult_orient_err": 1.5516714285714286,
      "pts_bbox_NuScenes/adult_scale_err": 0.04153571428571429,
      "pts_bbox_NuScenes/adult_trans_err": 0.8378500000000001,
      "pts_bbox_NuScenes/bicycle_AP_dist_0.5": 0.04960714285714286,
      "pts_bbox_NuScenes/bicycle_AP_dist_1.0": 0.14950714285714287,
      "pts_bbox_NuScenes/bicycle_AP_dist_2.0": 0.21080000000000002,
      "pts_bbox_NuScenes/bicycle_AP_dist_4.0": 0.24279285714285712,
      "pts_bbox_NuScenes/bicycle_orient_err": 1.5702142857142858,
      "pts_bbox_NuScenes/bicycle_scale_err": 0.7429500000000001,
      "pts_bbox_NuScenes/bicycle_trans_err": 0.6129,
      "pts_bbox_NuScenes/bus_AP_dist_0.5": 4.2857142857142856e-05,
      "pts_bbox_NuScenes/bus_AP_dist_1.0": 0.031,
      "pts_bbox_NuScenes/bus_AP_dist_2.0": 0.12326428571428572,
      "pts_bbox_NuScenes/bus_AP_dist_4.0": 0.21554285714285712,
      "pts_bbox_NuScenes/bus_orient_err": 1.5296785714285714,
      "pts_bbox_NuScenes/bus_scale_err": 0.7632928571428571,
      "pts_bbox_NuScenes/bus_trans_err": 0.8648785714285714,
      "pts_bbox_NuScenes/car_AP_dist_0.5": 0.014692857142857143,
      "pts_bbox_NuScenes/car_AP_dist_1.0": 0.11510714285714285,
      "pts_bbox_NuScenes/car_AP_dist_2.0": 0.28147142857142854,
      "pts_bbox_NuScenes/car_AP_dist_4.0": 0.42350000000000004,
      "pts_bbox_NuScenes/car_orient_err": 1.6029214285714286,
      "pts_bbox_NuScenes/car_scale_err": 0.7340928571428572,
      "pts_bbox_NuScenes/car_trans_err": 0.7594642857142857,
      "pts_bbox_NuScenes/child_AP_dist_0.5": 0.0,
      "pts_bbox_NuScenes/child_AP_dist_1.0": 1.4285714285714287e-05,
      "pts_bbox_NuScenes/child_AP_dist_2.0": 0.00019285714285714286,
      "pts_bbox_NuScenes/child_AP_dist_4.0": 0.0004,
      "pts_bbox_NuScenes/child_orient_err": 1.5272214285714285,
      "pts_bbox_NuScenes/child_scale_err": 0.47562857142857146,
      "pts_bbox_NuScenes/child_trans_err": 1.1227642857142857,
      "pts_bbox_NuScenes/mAOE": 1.4711571428571428,
      "pts_bbox_NuScenes/mAP": 0.09484442054918206,
      "pts_bbox_NuScenes/mASE": 0.6886571428571429,
      "pts_bbox_NuScenes/mATE": 0.8522357142857143,
      "pts_bbox_NuScenes/motorcycle_AP_dist_0.5": 0.02819285714285714,
      "pts_bbox_NuScenes/motorcycle_AP_dist_1.0": 0.07629285714285715,
      "pts_bbox_NuScenes/motorcycle_AP_dist_2.0": 0.12150714285714286,
      "pts_bbox_NuScenes/motorcycle_AP_dist_4.0": 0.15490714285714285,
      "pts_bbox_NuScenes/motorcycle_orient_err": 1.5371214285714285,
      "pts_bbox_NuScenes/motorcycle_scale_err": 0.7522,
      "pts_bbox_NuScenes/motorcycle_trans_err": 0.6902571428571429,
      "pts_bbox_NuScenes/traffic_light_AP_dist_0.5": 0.0,
      "pts_bbox_NuScenes/traffic_light_AP_dist_1.0": 0.0,
      "pts_bbox_NuScenes/traffic_light_AP_dist_2.0": 0.0,
      "pts_bbox_NuScenes/traffic_light_AP_dist_4.0": 0.0,
      "pts_bbox_NuScenes/traffic_light_orient_err": 1.0,
      "pts_bbox_NuScenes/traffic_light_scale_err": 1.0,
      "pts_bbox_NuScenes/traffic_light_trans_err": 1.0,
      "pts_bbox_NuScenes/traffic_sign_AP_dist_0.5": 0.0,
      "pts_bbox_NuScenes/traffic_sign_AP_dist_1.0": 6.428571428571429e-05,
      "pts_bbox_NuScenes/traffic_sign_AP_dist_2.0": 0.0021,
      "pts_bbox_NuScenes/traffic_sign_AP_dist_4.0": 0.004921428571428571,
      "pts_bbox_NuScenes/traffic_sign_orient_err": 1.3343071428571427,
      "pts_bbox_NuScenes/traffic_sign_scale_err": 0.9258642857142857,
      "pts_bbox_NuScenes/traffic_sign_trans_err": 1.0585857142857142,
      "pts_bbox_NuScenes/truck_AP_dist_0.5": 0.019942857142857144,
      "pts_bbox_NuScenes/truck_AP_dist_1.0": 0.1490642857142857,
      "pts_bbox_NuScenes/truck_AP_dist_2.0": 0.32887857142857146,
      "pts_bbox_NuScenes/truck_AP_dist_4.0": 0.4528214285714286,
      "pts_bbox_NuScenes/truck_orient_err": 1.5874000000000001,
      "pts_bbox_NuScenes/truck_scale_err": 0.7622142857142856,
      "pts_bbox_NuScenes/truck_trans_err": 0.7234571428571428
    },
    "summary": {
      "NDS": 0.09332857142857143,
      "mAAE": 1.0,
      "mAOE": 1.4711571428571428,
      "mAP": 0.09485,
      "mASE": 0.6886571428571429,
      "mATE": 0.8522357142857143,
      "mAVE": 2.8319785714285715
    }
  },
  "model": "Fast-BEV",
  "num_results": 14,
  "num_source_results": 196,
  "std": {
    "NDS": 0.028893928789265073,
    "mAP": 0.04265310431483631,
    "raw": {
      "pts_bbox_NuScenes/NDS": 0.02889361994621031,
      "pts_bbox_NuScenes/adult_AP_dist_0.5": 0.024678532068478972,
      "pts_bbox_NuScenes/adult_AP_dist_1.0": 0.057410458230933104,
      "pts_bbox_NuScenes/adult_AP_dist_2.0": 0.07040245687521093,
      "pts_bbox_NuScenes/adult_AP_dist_4.0": 0.07405309388733002,
      "pts_bbox_NuScenes/adult_orient_err": 0.029772920803757465,
      "pts_bbox_NuScenes/adult_scale_err": 0.0157116129095577,
      "pts_bbox_NuScenes/adult_trans_err": 0.15041574053269824,
      "pts_bbox_NuScenes/bicycle_AP_dist_0.5": 0.05591213524926291,
      "pts_bbox_NuScenes/bicycle_AP_dist_1.0": 0.11804236178518361,
      "pts_bbox_NuScenes/bicycle_AP_dist_2.0": 0.12959407037717072,
      "pts_bbox_NuScenes/bicycle_AP_dist_4.0": 0.1276453648818639,
      "pts_bbox_NuScenes/bicycle_orient_err": 0.013522053618660638,
      "pts_bbox_NuScenes/bicycle_scale_err": 0.008388889171902414,
      "pts_bbox_NuScenes/bicycle_trans_err": 0.08878939645631634,
      "pts_bbox_NuScenes/bus_AP_dist_0.5": 0.00010894095588038443,
      "pts_bbox_NuScenes/bus_AP_dist_1.0": 0.022616467791956713,
      "pts_bbox_NuScenes/bus_AP_dist_2.0": 0.053786338087242605,
      "pts_bbox_NuScenes/bus_AP_dist_4.0": 0.07757541952374936,
      "pts_bbox_NuScenes/bus_orient_err": 0.0341093079687919,
      "pts_bbox_NuScenes/bus_scale_err": 0.003578883428306466,
      "pts_bbox_NuScenes/bus_trans_err": 0.05761623941178428,
      "pts_bbox_NuScenes/car_AP_dist_0.5": 0.012449372198302536,
      "pts_bbox_NuScenes/car_AP_dist_1.0": 0.04133656351846974,
      "pts_bbox_NuScenes/car_AP_dist_2.0": 0.07213164704548555,
      "pts_bbox_NuScenes/car_AP_dist_4.0": 0.08028079567272707,
      "pts_bbox_NuScenes/car_orient_err": 0.010657476867758755,
      "pts_bbox_NuScenes/car_scale_err": 0.0019400492799903817,
      "pts_bbox_NuScenes/car_trans_err": 0.03424490095997128,
      "pts_bbox_NuScenes/child_AP_dist_0.5": 0.0,
      "pts_bbox_NuScenes/child_AP_dist_1.0": 5.345224838248488e-05,
      "pts_bbox_NuScenes/child_AP_dist_2.0": 0.0007216053531635459,
      "pts_bbox_NuScenes/child_AP_dist_4.0": 0.0014114913008260776,
      "pts_bbox_NuScenes/child_orient_err": 0.16467757391839472,
      "pts_bbox_NuScenes/child_scale_err": 0.1578790989653472,
      "pts_bbox_NuScenes/child_trans_err": 0.11091486414323415,
      "pts_bbox_NuScenes/mAOE": 0.048686780930378176,
      "pts_bbox_NuScenes/mAP": 0.0426557056457082,
      "pts_bbox_NuScenes/mASE": 0.023091647317248186,
      "pts_bbox_NuScenes/mATE": 0.06723432739471541,
      "pts_bbox_NuScenes/motorcycle_AP_dist_0.5": 0.04348432899484443,
      "pts_bbox_NuScenes/motorcycle_AP_dist_1.0": 0.08026075259174566,
      "pts_bbox_NuScenes/motorcycle_AP_dist_2.0": 0.08930964685843307,
      "pts_bbox_NuScenes/motorcycle_AP_dist_4.0": 0.10171134468368137,
      "pts_bbox_NuScenes/motorcycle_orient_err": 0.11780179689481972,
      "pts_bbox_NuScenes/motorcycle_scale_err": 0.005270381682281003,
      "pts_bbox_NuScenes/motorcycle_trans_err": 0.13626325603424772,
      "pts_bbox_NuScenes/traffic_light_AP_dist_0.5": 0.0,