{
  "aggregation": "average_over_same_rig_results",
  "metric_counts": {
    "NDS": 14,
    "mAP": 14
  },
  "metrics": {
    "NDS": 0.20286428571428572,
    "mAP": 0.15501428571428572,
    "raw": {
      "pts_bbox_NuScenes/NDS": 0.22539804378146247,
      "pts_bbox_NuScenes/adult_AP_dist_0.5": 0.0251,
      "pts_bbox_NuScenes/adult_AP_dist_1.0": 0.08362142857142858,
      "pts_bbox_NuScenes/adult_AP_dist_2.0": 0.14897142857142856,
      "pts_bbox_NuScenes/adult_AP_dist_4.0": 0.19504999999999997,
      "pts_bbox_NuScenes/adult_attr_err": 0.03257857142857143,
      "pts_bbox_NuScenes/adult_orient_err": 1.6026214285714286,
      "pts_bbox_NuScenes/adult_scale_err": 0.07277142857142857,
      "pts_bbox_NuScenes/adult_trans_err": 0.9123357142857144,
      "pts_bbox_NuScenes/bicycle_AP_dist_0.5": 0.09727142857142856,
      "pts_bbox_NuScenes/bicycle_AP_dist_1.0": 0.23120000000000002,
      "pts_bbox_NuScenes/bicycle_AP_dist_2.0": 0.3240785714285714,
      "pts_bbox_NuScenes/bicycle_AP_dist_4.0": 0.3812357142857143,
      "pts_bbox_NuScenes/bicycle_attr_err": 0.0,
      "pts_bbox_NuScenes/bicycle_orient_err": 1.1936285714285713,
      "pts_bbox_NuScenes/bicycle_scale_err": 0.24144285714285713,
      "pts_bbox_NuScenes/bicycle_trans_err": 0.6652142857142858,
      "pts_bbox_NuScenes/bus_AP_dist_0.5": 5e-05,
      "pts_bbox_NuScenes/bus_AP_dist_1.0": 0.025585714285714288,
      "pts_bbox_NuScenes/bus_AP_dist_2.0": 0.17289285714285715,
      "pts_bbox_NuScenes/bus_AP_dist_4.0": 0.3228142857142857,
      "pts_bbox_NuScenes/bus_attr_err": 1.0,
      "pts_bbox_NuScenes/bus_orient_err": 1.2067071428571428,
      "pts_bbox_NuScenes/bus_scale_err": 0.26412857142857143,
      "pts_bbox_NuScenes/bus_trans_err": 0.9826857142857143,
      "pts_bbox_NuScenes/car_AP_dist_0.5": 0.04090714285714286,
      "pts_bbox_NuScenes/car_AP_dist_1.0": 0.21612142857142858,
      "pts_bbox_NuScenes/car_AP_dist_2.0": 0.4630714285714285,
      "pts_bbox_NuScenes/car_AP_dist_4.0": 0.6308214285714285,
      "pts_bbox_NuScenes/car_attr_err": 0.95125,
      "pts_bbox_NuScenes/car_orient_err": 0.9901,
      "pts_bbox_NuScenes/car_scale_err": 0.21659285714285711,
      "pts_bbox_NuScenes/car_trans_err": 0.7276,
      "pts_bbox_NuScenes/child_AP_dist_0.5": 0.0,
      "pts_bbox_NuScenes/child_AP_dist_1.0": 8.571428571428571e-05,
      "pts_bbox_NuScenes/child_AP_dist_2.0": 0.0008357142857142858,
      "pts_bbox_NuScenes/child_AP_dist_4.0": 0.004242857142857143,
      "pts_bbox_NuScenes/child_attr_err": 0.30018571428571433,
      "pts_bbox_NuScenes/child_orient_err": 1.540492857142857,
      "pts_bbox_NuScenes/child_scale_err": 0.5368714285714286,
      "pts_bbox_NuScenes/child_trans_err": 1.1613285714285715,
      "pts_bbox_NuScenes/mAAE": 0.5871071428571428,
      "pts_bbox_NuScenes/mAOE": 1.033392857142857,
      "pts_bbox_NuScenes/mAP": 0.15502786062152504,
      "pts_bbox_NuScenes/mASE": 0.3002071428571429,
      "pts_bbox_NuScenes/mATE": 0.8755071428571428,
      "pts_bbox_NuScenes/motorcycle_AP_dist_0.5": 0.09246428571428571,
      "pts_bbox_NuScenes/motorcycle_AP_dist_1.0": 0.19812857142857143,
      "pts_bbox_NuScenes/motorcycle_AP_dist_2.0": 0.30324285714285715,
      "pts_bbox_NuScenes/motorcycle_AP_dist_4.0": 0.36997142857142856,
      "pts_bbox_NuScenes/motorcycle_attr_err": 0.0,
      "pts_bbox_NuScenes/motorcycle_orient_err": 0.9210357142857143,
      "pts_bbox_NuScenes/motorcycle_scale_err": 0.20017142857142858,
      "pts_bbox_NuScenes/motorcycle_trans_err": 0.6968285714285714,
      "pts_bbox_NuScenes/traffic_light_AP_dist_0.5": 0.0,
      "pts_bbox_NuScenes/traffic_light_AP_dist_1.0": 0.0,
      "pts_bbox_NuScenes/traffic_light_AP_dist_2.0": 0.0,
      "pts_bbox_NuScenes/traffic_light_AP_dist_4.0": 0.0,
      "pts_bbox_NuScenes/traffic_light_attr_err": 1.0,
      "pts_bbox_NuScenes/traffic_light_orient_err": 0.5467785714285714,
      "pts_bbox_NuScenes/traffic_light_scale_err": 0.6498357142857143,
      "pts_bbox_NuScenes/traffic_light_trans_err": 0.9997571428571429,
      "pts_bbox_NuScenes/traffic_sign_AP_dist_0.5": 0.0,
      "pts_bbox_NuScenes/traffic_sign_AP_dist_1.0": 0.0019571428571428574,
      "pts_bbox_NuScenes/traffic_sign_AP_dist_2.0": 0.008942857142857143,
      "pts_bbox_NuScenes/traffic_sign_AP_dist_4.0": 0.015678571428571427,
      "pts_bbox_NuScenes/traffic_sign_attr_err": 1.0,
      "pts_bbox_NuScenes/traffic_sign_orient_err": 0.36160714285714285,
      "pts_bbox_NuScenes/traffic_sign_scale_err": 0.29993571428571425,
      "pts_bbox_NuScenes/traffic_sign_trans_err": 1.00955,
      "pts_bbox_NuScenes/truck_AP_dist_0.5": 0.02825714285714286,
      "pts_bbox_NuScenes/truck_AP_dist_1.0": 0.19902142857142854,
      "pts_bbox_NuScenes/truck_AP_dist_2.0": 0.42595,
      "pts_bbox_NuScenes/truck_AP_dist_4.0": 0.5734214285714286,
      "pts_bbox_NuScenes/truck_attr_err": 1.0,
      "pts_bbox_NuScenes/truck_orient_err": 0.9374928571428571,
      "pts_bbox_NuScenes/truck_scale_err": 0.22007857142857143,
      "pts_bbox_NuScenes/truck_trans_err": 0.7242714285714287
    },
    "summary": {
      "NDS": 0.20286428571428572,
      "mAAE": 0.5871071428571428,
      "mAOE": 1.033392857142857,
      "mAP": 0.15501428571428572,
      "mASE": 0.3002071428571429,
      "mATE": 0.8755071428571428,
      "mAVE": 2.6314214285714286
    }
  },
  "model": "BEVDet",
  "num_results": 14,
  "num_source_results": 196,
  "std": {
    "NDS": 0.04165084923213742,
    "mAP": 0.05324887658104025,
    "raw": {
      "pts_bbox_NuScenes/NDS": 0.04629154132785549,
      "pts_bbox_NuScenes/adult_AP_dist_0.5": 0.017370000664275263,
      "pts_bbox_NuScenes/adult_AP_dist_1.0": 0.04764652184531463,
      "pts_bbox_NuScenes/adult_AP_dist_2.0": 0.07595604425811457,
      "pts_bbox_NuScenes/adult_AP_dist_4.0": 0.08563923211310968,
      "pts_bbox_NuScenes/adult_attr_err": 0.005231734316270653,
      "pts_bbox_NuScenes/adult_orient_err": 0.08312237668338474,
      "pts_bbox_NuScenes/adult_scale_err": 0.030637368549670706,
      "pts_bbox_NuScenes/adult_trans_err": 0.12991849875472436,
      "pts_bbox_NuScenes/bicycle_AP_dist_0.5": 0.07903958529721701,
      "pts_bbox_NuScenes/bicycle_AP_dist_1.0": 0.14196166329736296,
      "pts_bbox_NuScenes/bicycle_AP_dist_2.0": 0.15876291069764,
      "pts_bbox_NuScenes/bicycle_AP_dist_4.0": 0.1599922719630923,
      "pts_bbox_NuScenes/bicycle_attr_err": 0.0,
      "pts_bbox_NuScenes/bicycle_orient_err": 0.25131153338672463,
      "pts_bbox_NuScenes/bicycle_scale_err": 0.02186875939239895,
      "pts_bbox_NuScenes/bicycle_trans_err": 0.15655568120857616,
      "pts_bbox_NuScenes/bus_AP_dist_0.5": 0.00011602387022306429,
      "pts_bbox_NuScenes/bus_AP_dist_1.0": 0.021492175933898048,
      "pts_bbox_NuScenes/bus_AP_dist_2.0": 0.07550451300098879,
      "pts_bbox_NuScenes/bus_AP_dist_4.0": 0.10789458428800455,
      "pts_bbox_NuScenes/bus_attr_err": 0.0,
      "pts_bbox_NuScenes/bus_orient_err": 0.24162686256764937,
      "pts_bbox_NuScenes/bus_scale_err": 0.05963164400746442,
      "pts_bbox_NuScenes/bus_trans_err": 0.11998326073724974,
      "pts_bbox_NuScenes/car_AP_dist_0.5": 0.025171609901930094,
      "pts_bbox_NuScenes/car_AP_dist_1.0": 0.08233585235131523,
      "pts_bbox_NuScenes/car_AP_dist_2.0": 0.11117933142569142,
      "pts_bbox_NuScenes/car_AP_dist_4.0": 0.10249210985445457,
      "pts_bbox_NuScenes/car_attr_err": 0.010090494384472803,
      "pts_bbox_NuScenes/car_orient_err": 0.07865074697674523,
      "pts_bbox_NuScenes/car_scale_err": 0.00711006483641478,
      "pts_bbox_NuScenes/car_trans_err": 0.07706691398239085,
      "pts_bbox_NuScenes/child_AP_dist_0.5": 0.0,
      "pts_bbox_NuScenes/child_AP_dist_1.0": 0.00032071349029490925,
      "pts_bbox_NuScenes/child_AP_dist_2.0": 0.002239713973104307,
      "pts_bbox_NuScenes/child_AP_dist_4.0": 0.006670799085533939,
      "pts_bbox_NuScenes/child_attr_err": 0.45944457581057396,
      "pts_bbox_NuScenes/child_orient_err": 0.39604778939354846,