{
  "aggregation": "average_over_same_rig_results",
  "metric_counts": {
    "NDS": 14,
    "mAP": 14
  },
  "metrics": {
    "NDS": 0.21679285714285715,
    "mAP": 0.16331428571428572,
    "raw": {
      "object/adult_ap_dist_0.5": 0.016314285714285715,
      "object/adult_ap_dist_1.0": 0.08585714285714285,
      "object/adult_ap_dist_2.0": 0.18222142857142856,
      "object/adult_ap_dist_4.0": 0.2668714285714286,
      "object/adult_attr_err": 1.0,
      "object/adult_orient_err": 1.5873071428571428,
      "object/adult_scale_err": 0.020907142857142857,
      "object/adult_trans_err": 0.8500428571428572,
      "object/adult_vel_err": 0.0,
      "object/bicycle_ap_dist_0.5": 0.10588571428571428,
      "object/bicycle_ap_dist_1.0": 0.2653142857142857,
      "object/bicycle_ap_dist_2.0": 0.40305,
      "object/bicycle_ap_dist_4.0": 0.47745714285714286,
      "object/bicycle_attr_err": 1.0,
      "object/bicycle_orient_err": 1.5846642857142859,
      "object/bicycle_scale_err": 0.7417714285714286,
      "object/bicycle_trans_err": 0.5864428571428572,
      "object/bicycle_vel_err": 0.0,
      "object/bus_ap_dist_0.5": 0.00034285714285714285,
      "object/bus_ap_dist_1.0": 0.024292857142857144,
      "object/bus_ap_dist_2.0": 0.12831428571428571,
      "object/bus_ap_dist_4.0": 0.2778857142857143,
      "object/bus_attr_err": 1.0,
      "object/bus_orient_err": 1.5645285714285715,
      "object/bus_scale_err": 0.777,
      "object/bus_trans_err": 0.90075,
      "object/bus_vel_err": 0.0,
      "object/car_ap_dist_0.5": 0.03766428571428571,
      "object/car_ap_dist_1.0": 0.19239285714285717,
      "object/car_ap_dist_2.0": 0.40841428571428573,
      "object/car_ap_dist_4.0": 0.5941428571428571,
      "object/car_attr_err": 1.0,
      "object/car_orient_err": 1.6156000000000001,
      "object/car_scale_err": 0.7424642857142858,
      "object/car_trans_err": 0.7036785714285714,
      "object/car_vel_err": 0.0,
      "object/child_ap_dist_0.5": 0.0,
      "object/child_ap_dist_1.0": 0.00012142857142857142,
      "object/child_ap_dist_2.0": 0.0018285714285714288,
      "object/child_ap_dist_4.0": 0.007135714285714286,
      "object/child_attr_err": 1.0,
      "object/child_orient_err": 1.3033428571428571,
      "object/child_scale_err": 0.6615214285714286,
      "object/child_trans_err": 1.0170285714285714,
      "object/child_vel_err": 0.5,
      "object/mAAE": 1.0,
      "object/mAOE": 1.5157357142857144,
      "object/mASE": 0.6858285714285713,
      "object/mATE": 0.8201571428571429,
      "object/mAVE": 0.14284285714285713,
      "object/map": 0.1633176447264813,
      "object/motorcycle_ap_dist_0.5": 0.08121428571428571,
      "object/motorcycle_ap_dist_1.0": 0.22567857142857142,
      "object/motorcycle_ap_dist_2.0": 0.3718214285714286,
      "object/motorcycle_ap_dist_4.0": 0.4823642857142857,
      "object/motorcycle_attr_err": 1.0,
      "object/motorcycle_orient_err": 1.5442642857142856,
      "object/motorcycle_scale_err": 0.7721857142857143,
      "object/motorcycle_trans_err": 0.5881142857142857,
      "object/motorcycle_vel_err": 0.0,
      "object/nds": 0.2167733899754152,
      "object/traffic_light_ap_dist_0.5": 0.0,
      "object/traffic_light_ap_dist_1.0": 0.0,
      "object/traffic_light_ap_dist_2.0": 0.0,
      "object/traffic_light_ap_dist_4.0": 0.0,
      "object/traffic_light_attr_err": 1.0,
      "object/traffic_light_orient_err": 1.2081428571428572,
      "object/traffic_light_scale_err": 0.8104857142857143,
      "object/traffic_light_trans_err": 1.0582571428571428,
      "object/traffic_light_vel_err": 0.7857142857142857,
      "object/traffic_sign_ap_dist_0.5": 0.0,
      "object/traffic_sign_ap_dist_1.0": 0.0049785714285714286,
      "object/traffic_sign_ap_dist_2.0": 0.02415,
      "object/traffic_sign_ap_dist_4.0": 0.06163571428571429,
      "object/traffic_sign_attr_err": 1.0,
      "object/traffic_sign_orient_err": 1.6127285714285713,
      "object/traffic_sign_scale_err": 0.8728071428571429,
      "object/traffic_sign_trans_err": 0.9778428571428571,
      "object/traffic_sign_vel_err": 0.0,
      "object/truck_ap_dist_0.5": 0.02617142857142857,
      "object/truck_ap_dist_1.0": 0.18685714285714286,
      "object/truck_ap_dist_2.0": 0.3877857142857143,
      "object/truck_ap_dist_4.0": 0.5512642857142857,
      "object/truck_attr_err": 1.0,
      "object/truck_orient_err": 1.6210285714285715,
      "object/truck_scale_err": 0.7733857142857143,
      "object/truck_trans_err": 0.6993142857142857,
      "object/truck_vel_err": 0.0
    },
    "summary": {
      "NDS": 0.21679285714285715,
      "mAAE": 1.0,
      "mAOE": 1.5157357142857144,
      "mAP": 0.16331428571428572,
      "mASE": 0.6858285714285713,
      "mATE": 0.8201571428571429,
      "mAVE": 0.14284285714285713
    }
  },
  "model": "BEVFusion",
  "num_results": 14,
  "num_source_results": 196,
  "std": {
    "NDS": 0.03733450588490933,
    "mAP": 0.05178556165191603,
    "raw": {
      "object/adult_ap_dist_0.5": 0.011883592900288203,
      "object/adult_ap_dist_1.0": 0.04902016405028122,
      "object/adult_ap_dist_2.0": 0.07962208022490155,
      "object/adult_ap_dist_4.0": 0.09811945175747168,
      "object/adult_attr_err": 0.0,
      "object/adult_orient_err": 0.04002699981619551,
      "object/adult_scale_err": 0.0032532739215736517,
      "object/adult_trans_err": 0.08907990116299407,
      "object/adult_vel_err": 0.0,
      "object/bicycle_ap_dist_0.5": 0.07611189998076069,
      "object/bicycle_ap_dist_1.0": 0.13301250292384523,
      "object/bicycle_ap_dist_2.0": 0.1406505366557073,
      "object/bicycle_ap_dist_4.0": 0.13415487441636376,
      "object/bicycle_attr_err": 0.0,
      "object/bicycle_orient_err": 0.045182920652402724,
      "object/bicycle_scale_err": 0.006382961522851121,
      "object/bicycle_trans_err": 0.11318690270987605,
      "object/bicycle_vel_err": 0.0,
      "object/bus_ap_dist_0.5": 0.001282853961179637,
      "object/bus_ap_dist_1.0": 0.019902704272601685,
      "object/bus_ap_dist_2.0": 0.07075107889520248,
      "object/bus_ap_dist_4.0": 0.10868537412849325,
      "object/bus_attr_err": 0.0,
      "object/bus_orient_err": 0.07241274248863437,
      "object/bus_scale_err": 0.010952906182660094,
      "object/bus_trans_err": 0.07115260684991423,
      "object/bus_vel_err": 0.0,
      "object/car_ap_dist_0.5": 0.022837877011088976,
      "object/car_ap_dist_1.0": 0.06562103865595023,
      "object/car_ap_dist_2.0": 0.09534261987608252,
      "object/car_ap_dist_4.0": 0.10144702834701251,
      "object/car_attr_err": 0.0,
      "object/car_orient_err": 0.018650262938958977,
      "object/car_scale_err": 0.0012695287695453498,
      "object/car_trans_err": 0.053970393287879156,
      "object/car_vel_err": 0.0,
      "object/child_ap_dist_0.5": 0.0,
      "object/child_ap_dist_1.0": 0.0003378178194247294,
      "object/child_ap_dist_2.0": 0.004303921033631573,
      "object/child_ap_dist_4.0": 0.011193858696958459,
      "object/child_attr_err": 0.0,
      "object/child_orient_err": 0.31748110958772796,
      "object/child_scale_err": 0.3520542247975476,
      "object/child_trans_err": 0.10487515235944872,
      "object/child_vel_err": 0.5188745216627708,
      "object/mAAE": 0.0,
      "object/mAOE": 0.06459735178119036,
      "object/mASE": 0.052266689326824725,
      "object/mATE": 0.06594197582590453,
      "object/mAVE": 0.06790985783528626,
      "object/map": 0.051804145157328084,
      "object/motorcycle_ap_dist_0.5": 0.061275617652385345,
      "object/motorcycle_ap_dist_1.0": 0.13187888487064664,
      "object/motorcycle_ap_dist_2.0": 0.14449675630413847,
      "object/motorcycle_ap_dist_4.0": 0.1614317650904548,
      "object/motorcycle_attr_err": 0.0,
      "object/motorcycle_orient_err": 0.23391423348392806,
      "object/motorcycle_scale_err": 0.007420124106660335,
      "object/motorcycle_trans_err": 0.17784077086039574,
      "object/motorcycle_vel_err": 0.0,
      "object/nds": 0.0373218694223632,